img_path,W,L,theta,phi,gamma
../data/crystal_images/2.png,75.78331804275513,40.65304505825043,1.127005498268411,1.387829,0.635630415301015
../data/crystal_images/4.png,113.49590760469437,52.52285751700401,1.3242134092266193,-1.460132,0.1576437713415579
../data/crystal_images/0.png,127.4740828871727,52.73424553871155,1.1024848378444807,0.3254733,0.3299249158170313
../data/crystal_images/3.png,97.05940371751785,42.17536237835884,1.032310647150623,2.2552211,0.5134023692237126
../data/crystal_images/1.png,93.14020550251007,52.96974536776543,0.12476706328898922,-0.47157004,1.1146884302416595
../data/crystal_images/5.png,53.04798477888107,29.00136923789978,1.244682160430876,0.30042848,0.26325011879553756
